No UNIDAD,DIA,MES,HORA SALIDA,TIEMPO DE VIAJE,DISTANCIA METROS,LONGITUD SALIDA,LATITUD SALIDA,LONGITUD LLEGADA,LATITUD LLEGADA,DT,SALIDA,SALIDA2,,,
1,1,1,9.854166667,10.45,10329,-116.88975,32.455115,-116.948734,32.498086,0.4833333,INCREMENTO,1,,,
4,1,1,13.79138889,4.816666667,1221,-116.87713,32.502443,-116.88705,32.503522,-2.85,DP,2,,,
6,1,1,14.76777778,26.06666667,5727,-116.989852,32.481208,-116.962763,32.5035,-18.9,DM,3,,,
4,1,1,15.29833333,5.45,4925,-116.9627,32.515113,-117.009988,32.525473,-0.6333333,INCREMENTO,1,,,
7,1,1,16.59055556,5.833333333,3146,-116.976136,32.491838,-116.997058,32.483616,-1.8333333,DP,2,,,
6,1,1,18.3625,1.316666667,281,-116.96879,32.48736,-116.968045,32.488525,0.6833333,INCREMENTO,1,,,
6,1,1,19.52944444,13.16666667,5319,-116.941663,32.510727,-116.92439,32.540662,-3.4,DP,2,,,
6,1,1,20.45305556,15.73333333,9604,-117.010563,32.523538,-116.935635,32.49549,-2.1666667,DP,2,,,
5,1,1,21.01694444,18.75,9410,-116.916001,32.460922,-116.969851,32.508286,-9.8,DM,3,,,
7,1,1,21.19638889,6.316666667,1112,-116.923606,32.54177,-116.929895,32.544172,2.6833333,INCREMENTO,1,,,
5,1,1,22.09472222,13.71666667,6283,-116.941569,32.386057,-116.964107,32.412108,0.3,INCREMENTO,1,,,
2,1,1,22.16694444,5.75,844,-116.962992,32.505503,-116.96988,32.508355,-3.4166667,DP,2,,,
2,2,1,0.396666667,2.983333333,989,-116.890475,32.455598,-116.885072,32.448118,-1.3666667,INCREMENTO,1,,,
1,2,1,0.760277778,30.68333333,10280,-116.790658,32.471267,-116.884726,32.448679,-19.6833333,DM,3,,,
4,2,1,9.305277778,0.433333333,277,-116.914187,32.46468,-116.91172,32.463312,0.5666667,INCREMENTO,1,,,
5,2,1,10.06527778,4.216666667,2419,-116.961199,32.486451,-116.971622,32.467644,-1.2166667,INCREMENTO,1,,,
6,2,1,10.97777778,9.2,6490,-117.01005,32.525492,-116.963973,32.506873,-0.1,INCREMENTO,1,,,
3,2,1,11.95916667,23.7,15413,-116.868167,32.496932,-117.00994,32.525682,-8.85,DM,3,,,
6,2,1,12.10666667,11.45,8227,-116.999308,32.473648,-117.033463,32.470427,5.8833333,INCREMENTO,1,,,
3,2,1,13.72,1.733333333,370,-117.013284,32.516446,-117.010588,32.514137,-0.7333333,INCREMENTO,1,,,
6,2,1,13.80583333,9.116666667,8301,-116.900233,32.530843,-116.963835,32.516653,5.0333333,INCREMENTO,1,,,
1,2,1,13.8575,2.533333333,645,-116.901696,32.506503,-116.905023,32.508509,2.4666667,INCREMENTO,1,,,
6,2,1,15.75277778,14.11666667,4860,-116.966467,32.499012,-116.984422,32.520473,-4.9333333,DP,2,,,
1,2,1,16.6525,18.1,6435,-116.871195,32.497723,-116.884728,32.448679,-8.1,DM,3,,,
6,2,1,16.9025,3.133333333,989,-117.010542,32.520382,-117.00307,32.51846,0.1166667,INCREMENTO,1,,,
5,2,1,18.6025,10.01666667,3632,-116.935827,32.488889,-116.961972,32.511374,-3.0166667,DP,2,,,
4,2,1,19.21722222,9.533333333,5190,-116.670855,32.549098,-116.632257,32.557565,-0.9833333,INCREMENTO,1,,,
7,2,1,20.18111111,18.61666667,13278,-116.926371,32.457079,-117.010035,32.525479,-6.6166667,DP,2,,,
5,2,1,20.36694444,7.133333333,4481,-117.00173,32.517868,-116.9698,32.508327,0.8666667,INCREMENTO,1,,,
1,2,1,20.69583333,4.75,950,-116.870011,32.49957,-116.866353,32.504627,-2.75,DP,2,,,
1,2,1,21.06138889,3.5,910,-116.869985,32.500204,-116.868844,32.494221,-1.5,INCREMENTO,1,,,
4,2,1,22.51305556,16.31666667,3207,-116.962513,32.510423,-116.96975,32.508327,-12.8166667,DM,3,,,
6,3,1,9.7475,5.383333333,2433,-116.964107,32.506862,-116.954128,32.49207,1.7166667,INCREMENTO,1,,,
6,3,1,13.01388889,17.61666667,7661,-116.963953,32.506902,-116.964898,32.460212,-5.1333333,DP,2,,,
5,3,1,13.16333333,8.783333333,6399,-116.989251,32.472107,-116.956711,32.498988,0.2166667,INCREMENTO,1,,,
6,3,1,14.7175,21.73333333,4325,-116.975887,32.473215,-116.96592,32.49883,-1.2333333,INCREMENTO,1,,,
5,3,1,14.94111111,11.05,2825,-117.029544,32.533158,-117.010097,32.525583,-5.05,DP,2,,,
4,3,1,15.88555556,0.866666667,293,-116.9187,32.472718,-116.91758,32.470302,0.1333333,INCREMENTO,1,,,
6,3,1,16.49361111,9.5,3206,-116.978182,32.519525,-116.964097,32.506812,2.75,INCREMENTO,1,,,
2,3,1,19.86472222,8.6,3683,-116.885272,32.448228,-116.90955,32.447888,-1.0833333,INCREMENTO,1,,,
4,3,1,20.43055556,21.26666667,11675,-116.913098,32.49802,-117.010033,32.525552,-10.2166667,DM,3,,,
3,3,1,21.25916667,46.93333333,9475,-116.855185,32.491206,-116.945724,32.491278,-27.9166667,DM,3,,,
6,3,1,23.10916667,33.01666667,4848,-116.94835,32.528915,-116.964057,32.506872,-23.8333333,DM,3,,,
2,4,1,12.71777778,8.533333333,7144,-116.846583,32.465015,-116.88512,32.44805,0.65,INCREMENTO,1,,,
6,4,1,12.62277778,1.066666667,252,-116.965305,32.505367,-116.964017,32.506768,0.2166667,INCREMENTO,1,,,
4,4,1,12.98805556,9.6,4550,-116.903657,32.50063,-116.945675,32.502972,-0.3666667,INCREMENTO,1,,,
5,4,1,13.47916667,1.716666667,456,-116.966924,32.509851,-116.963956,32.506961,0.5833333,INCREMENTO,1,,,
6,4,1,14.0425,2.1,213,-116.94476,32.473073,-116.943165,32.473477,1.05,INCREMENTO,1,,,
5,4,1,14.89611111,14.26666667,7574,-116.911508,32.526413,-116.926432,32.476337,-2.2666667,DP,2,,,
1,4,1,15.31444444,2.333333333,1187,-116.873187,32.451591,-116.884673,32.448701,-0.3333333,INCREMENTO,1,,,
5,4,1,16.00388889,5.016666667,1591,-116.965323,32.482459,-116.968771,32.470351,-1,INCREMENTO,1,,,
5,4,1,17.95333333,7.4,1765,-117.010551,32.525865,-117.010454,32.520206,-2.4,DP,2,,,
4,4,1,18.37527778,12.35,2513,-116.848707,32.490483,-116.827965,32.489693,-6.25,DP,2,,,
4,4,1,19.19305556,26.11666667,10160,-116.837672,32.470185,-116.875807,32.53055,-1.5,INCREMENTO,1,,,
6,4,1,21.45833333,34.48333333,8387,-117.004608,32.46793,-116.963962,32.506837,-20,DM,3,,,
1,4,1,21.77416667,32.55,17741,-116.727512,32.494469,-116.868614,32.443851,-14.55,DM,3,,,
6,5,1,11.45555556,6.25,5445,-117.01208,32.524402,-116.964052,32.506758,2.3333333,INCREMENTO,1,,,
4,5,1,12.3375,9.733333333,4935,-116.904887,32.45451,-116.869877,32.452165,1.9,INCREMENTO,1,,,
5,5,1,13.68833333,1.933333333,903,-116.948811,32.498923,-116.954326,32.497496,1.0666667,INCREMENTO,1,,,
6,5,1,14.13305556,4.4,1548,-117.01004,32.525458,-117.010603,32.523503,1.8,INCREMENTO,1,,,
4,5,1,15.67111111,13.91666667,5304,-116.885167,32.448143,-116.872362,32.484312,-6.45,DP,2,,,
3,5,1,19.20805556,2.65,612,-116.968241,32.510586,-116.963932,32.506873,6.3666667,INCREMENTO,1,,,
1,5,1,19.60083333,6.55,1985,-116.880817,32.463147,-116.885045,32.448111,3.75,INCREMENTO,1,,,
5,5,1,19.99333333,6.083333333,1682,-116.969671,32.474939,-116.973069,32.461152,1.9166667,INCREMENTO,1,,,
5,5,1,21.99277778,6.016666667,849,-117.032057,32.533983,-117.035115,32.535299,-2.0166667,DP,2,,,
5,6,1,9.260555556,7.35,2571,-116.988656,32.510685,-116.964003,32.506848,-0.0333333,INCREMENTO,1,,,
1,6,1,10.63694444,2.033333333,686,-116.881317,32.501607,-116.885762,32.503394,-0.0333333,INCREMENTO,1,,,
1,6,1,12.53944444,3.966666667,2429,-117.008591,32.525737,-116.986796,32.51987,0.0333333,INCREMENTO,1,,,
7,6,1,12.79027778,6.95,2917,-116.889754,32.500411,-116.868568,32.494262,-0.1,INCREMENTO,1,,,
1,6,1,12.85611111,13.18333333,9820,-116.986143,32.523276,-116.908896,32.499402,-0.1666667,INCREMENTO,1,,,
4,6,1,13.00222222,4.35,2529,-116.885257,32.448267,-116.892408,32.459228,-1.3,INCREMENTO,1,,,
2,6,1,13.55,20.25,17891,-116.885285,32.448297,-117.023288,32.525278,-1.3833333,INCREMENTO,1,,,
5,6,1,13.60638889,15.71666667,10866,-116.963961,32.507047,-117.031509,32.531578,8.25,INCREMENTO,1,,,
1,6,1,14.22333333,32.16666667,11917,-116.885141,32.513557,-116.963873,32.506716,-16.1666667,DM,3,,,
4,6,1,14.68027778,7.216666667,1638,-116.949388,32.471238,-116.943662,32.484882,-2.2166667,DP,2,,,
7,6,1,14.80055556,10.65,5357,-116.954412,32.502786,-116.907296,32.499279,-2.8,DP,2,,,
1,6,1,15.94611111,4.4,1028,-116.861835,32.492272,-116.868506,32.494281,0.4333333,INCREMENTO,1,,,
4,7,1,6.922222222,24.03333333,19157,-116.862125,32.475778,-117.010092,32.525408,-1.4833333,INCREMENTO,1,,,
5,7,1,9.830833333,0.95,403,-116.971102,32.519006,-116.969578,32.516473,0.3,INCREMENTO,1,,,
4,7,1,9.919444444,11.26666667,4685,-116.880575,32.46095,-116.868585,32.494272,-0.0666667,INCREMENTO,1,,,
6,7,1,13.04138889,8.05,5750,-116.974147,32.49176,-116.967035,32.49977,-3.3,DP,2,,,
2,7,1,13.29722222,1.766666667,515,-116.881228,32.446227,-116.885095,32.44814,0.25,INCREMENTO,1,,,
1,7,1,14.5125,5.3,2431,-116.90354,32.462133,-116.885013,32.44804,-2.7666667,DP,2,,,
6,7,1,14.53944444,4.65,2310,-116.992453,32.51968,-117.009975,32.525515,2.4333333,INCREMENTO,1,,,
5,7,1,15.43055556,6.25,1276,-116.986746,32.510941,-116.986259,32.521895,-2.3166667,DP,2,,,
6,7,1,16.44888889,4.383333333,2830,-116.987408,32.515762,-116.964017,32.506877,-0.1166667,INCREMENTO,1,,,
5,7,1,16.99388889,7.983333333,1933,-117.003644,32.52086,-117.008413,32.522138,2.0333333,INCREMENTO,1,,,
7,7,1,17.09027778,45.85,25356,-116.934928,32.381264,-116.969729,32.508247,-23.45,DM,3,,,
1,7,1,17.66666667,18.31666667,12892,-116.975443,32.506387,-116.885084,32.448023,-6.8,DP,2,,,
4,7,1,17.87527778,25.56666667,12888,-116.941165,32.493943,-116.868855,32.494357,-9.55,DM,3,,,
6,7,1,18.4725,23.53333333,7236,-116.965488,32.505627,-116.970468,32.456737,1.3166667,INCREMENTO,1,,,
1,7,1,19.00638889,0.716666667,256,-116.926933,32.447803,-116.925433,32.449726,1.2833333,INCREMENTO,1,,,
2,7,1,20.40944444,3.35,1260,-116.924648,32.468972,-116.926392,32.476307,-0.7166667,INCREMENTO,1,,,
4,7,1,21.89277778,12.2,13705,-116.9039,32.454158,-117.010088,32.525567,-0.6333333,INCREMENTO,1,,,
1,7,1,22.86138889,30.28333333,16194,-116.931704,32.440833,-117.009746,32.52078,-0.15,INCREMENTO,1,,,
2,1,1,0.596111111,7.95,3901,-116.91689,32.46736,-116.885147,32.44818,-3.3,DP,2,,,
6,1,1,7.034722222,4.116666667,1378,-116.965445,32.505145,-116.969457,32.50248,-1.55,INCREMENTO,1,,,
6,1,1,9.506944444,0.533333333,474,-116.97371,32.516112,-116.977558,32.517245,1.2,INCREMENTO,1,,,
7,1,1,10.61777778,4.316666667,1259,-116.873201,32.434816,-116.876927,32.445326,-1.3166667,INCREMENTO,1,,,
7,1,1,12.11194444,3.216666667,3115,-116.910566,32.462963,-116.885176,32.448197,0.7833333,INCREMENTO,1,,,
2,1,1,18.40888889,5.733333333,1535,-116.970185,32.50822,-116.970028,32.508437,-4.7333333,DP,2,,,
4,1,1,21.46666667,6.416666667,4903,-116.924742,32.467598,-116.88513,32.448082,-0.9666667,INCREMENTO,1,,,
5,1,1,22.38527778,16.58333333,3646,-116.969234,32.496035,-116.964049,32.50682,-10.5833333,DM,3,,,
7,1,1,22.605,7.533333333,5815,-116.887618,32.452375,-116.921073,32.477061,2.4,INCREMENTO,1,,,
6,2,1,3.350277778,1.5,645,-117.006368,32.52268,-117.010055,32.525535,2.15,INCREMENTO,1,,,
7,2,1,7.533611111,2.45,1847,-116.898668,32.455147,-116.885109,32.448124,-0.3666667,INCREMENTO,1,,,
5,2,1,8.000277778,1.6,277,-116.9651,32.505301,-116.964123,32.506767,0.25,INCREMENTO,1,,,
3,2,1,9.351666667,13.13333333,6198,-116.868845,32.494392,-116.898664,32.526751,1.8,INCREMENTO,1,,,
6,2,1,9.611944444,11.96666667,4917,-117.010075,32.525425,-116.965347,32.516903,-0.1333333,INCREMENTO,1,,,
3,2,1,10.13416667,1.1,290,-116.926712,32.479096,-116.926503,32.476598,0.9,INCREMENTO,1,,,
3,2,1,11.06777778,11.2,10334,-116.97482,32.515103,-116.888556,32.514942,-0.2,INCREMENTO,1,,,
2,2,1,11.24277778,0.85,190,-116.87372,32.46735,-116.875492,32.467853,0.7666667,INCREMENTO,1,,,
6,2,1,11.23416667,25.43333333,21858,-117.085918,32.489717,-117.010015,32.525483,-3.75,DP,2,,,
6,2,1,16.23722222,16.65,11987,-117.0086,32.522003,-116.899988,32.530525,-0.8166667,INCREMENTO,1,,,
5,2,1,18.42722222,8.85,5120,-116.986924,32.484095,-116.973123,32.487539,4.15,INCREMENTO,1,,,
4,2,1,18.75472222,14.85,6812,-116.885007,32.448005,-116.934183,32.4653,-5.9833333,DP,2,,,
6,2,1,18.91833333,7.983333333,2255,-116.93499,32.4993,-116.956625,32.506962,-4.9833333,DP,2,,,
2,2,1,19.18916667,4.266666667,1169,-116.873697,32.466773,-116.864477,32.469828,-1.1166667,INCREMENTO,1,,,
5,2,1,20.19416667,0.583333333,171,-116.967249,32.506522,-116.965799,32.505584,0.4166667,INCREMENTO,1,,,
3,2,1,22.04666667,30.26666667,19609,-116.855248,32.47807,-117.010009,32.525313,-11.2666667,DM,3,,,
4,2,1,22.20833333,21,11609,-116.84696,32.49776,-116.869842,32.444638,-3.7,DP,2,,,
3,2,1,23.11583333,7.083333333,2543,-116.868879,32.493746,-116.879612,32.4806,-1.0833333,INCREMENTO,1,,,
1,3,1,0.589444444,6.533333333,1921,-116.962517,32.409801,-116.970885,32.421067,5.4666667,INCREMENTO,1,,,
7,3,1,3.756111111,22.88333333,6250,-116.909876,32.511715,-116.868515,32.494342,-4.25,DP,2,,,
1,3,1,6.927777778,35.06666667,30440,-116.936718,32.372326,-117.010083,32.525605,2.8666667,INCREMENTO,1,,,
2,3,1,8.204722222,3.55,1824,-116.885198,32.448233,-116.894782,32.458437,-0.2,INCREMENTO,1,,,
1,3,1,12.55305556,23.61666667,18897,-116.883573,32.446922,-116.92391,32.544208,-1.6833333,INCREMENTO,1,,,
5,3,1,13.46583333,3.383333333,1590,-116.972025,32.511043,-116.964107,32.506753,1.1666667,INCREMENTO,1,,,
5,3,1,14.66416667,2.3,430,-116.964049,32.458369,-116.965774,32.456015,1.7166667,INCREMENTO,1,,,
6,4,1,11.24444444,3.633333333,1349,-116.956693,32.499003,-116.964033,32.506805,0.5833333,INCREMENTO,1,,,
5,4,1,16.58638889,4.216666667,1324,-116.9665,32.499565,-116.956728,32.499009,-0.2166667,INCREMENTO,1,,,
6,4,1,17.53305556,8.2,2008,-116.95124,32.495305,-116.963972,32.506968,-3.4,DP,2,,,
5,4,1,18.14472222,20.86666667,4581,-116.952499,32.498719,-116.985559,32.50774,-11.8666667,DM,3,,,
5,4,1,19.36166667,17.8,5500,-116.988381,32.519867,-116.965875,32.498849,0.2,INCREMENTO,1,,,
3,4,1,20.84027778,3,658,-116.886756,32.496736,-116.882381,32.492105,-2,DP,2,,,
6,4,1,22.18666667,2.583333333,722,-116.96421,32.509792,-116.969773,32.508347,0.4166667,INCREMENTO,1,,,
5,5,1,1.924166667,8.816666667,1756,-116.964985,32.504717,-116.976096,32.506746,-4.8166667,DP,2,,,
5,5,1,10.82194444,7.4,2286,-116.956651,32.493133,-116.964001,32.506825,-1.7166667,INCREMENTO,1,,,
5,5,1,13.12027778,3.1,1967,-116.978254,32.515081,-116.964042,32.506757,-0.1,INCREMENTO,1,,,
5,5,1,14.68833333,14.03333333,6061,-116.912094,32.545862,-116.961796,32.525307,2.9666667,INCREMENTO,1,,,
6,5,1,14.77694444,19.06666667,10055,-116.964008,32.507142,-116.982092,32.44852,1.95,INCREMENTO,1,,,
6,5,1,15.74777778,1.516666667,254,-116.940785,32.48451,-116.943358,32.485235,0.4833333,INCREMENTO,1,,,
1,5,1,17.09861111,4.166666667,1312,-116.872807,32.479294,-116.868749,32.487688,-0.6666667,INCREMENTO,1,,,
2,5,1,18.21916667,5.766666667,3986,-116.917025,32.468055,-116.885142,32.448112,1.5166667,INCREMENTO,1,,,
1,5,1,18.59361111,19.86666667,5289,-116.873923,32.529035,-116.868564,32.494301,12.9,INCREMENTO,1,,,
5,5,1,20.81388889,7.466666667,1397,-116.95146,32.49514,-116.94336,32.486272,-4.5333333,DP,2,,,
1,5,1,21.71222222,4.983333333,1412,-116.960709,32.509454,-116.969768,32.508274,-2.1833333,DP,2,,,
3,5,1,22.435,1.716666667,325,-116.883164,32.489051,-116.881615,32.487003,-0.7166667,INCREMENTO,1,,,
4,6,1,8.815555556,11.88333333,13823,-116.902688,32.454063,-117.010043,32.525565,-0.5833333,INCREMENTO,1,,,
5,6,1,9.151666667,4.65,2150,-116.962124,32.508326,-116.961299,32.515616,-0.65,INCREMENTO,1,,,
5,6,1,9.368333333,10.48333333,4322,-116.961045,32.515326,-116.985553,32.507859,-2.4833333,DP,2,,,
2,6,1,9.686666667,2.983333333,1442,-116.870538,32.451942,-116.884692,32.448667,-0.9833333,INCREMENTO,1,,,
4,6,1,10.2975,4.85,1233,-116.860612,32.493378,-116.868797,32.494255,0.5333333,INCREMENTO,1,,,
1,6,1,10.41361111,2.45,2186,-116.901994,32.454064,-116.885261,32.44822,0.55,INCREMENTO,1,,,
1,6,1,12.39055556,3.183333333,671,-116.877049,32.456382,-116.877095,32.456262,-2.95,DP,2,,,
6,6,1,12.72888889,7.966666667,4974,-116.980648,32.489448,-116.963948,32.50688,-0.3,INCREMENTO,1,,,
5,6,1,16.11222222,15.26666667,2877,-116.948756,32.503192,-116.963962,32.50695,-9.2666667,DM,3,,,
6,6,1,20.00111111,1.6,264,-116.962575,32.50862,-116.96413,32.506782,1.1833333,INCREMENTO,1,,,
6,6,1,21.47333333,22.18333333,12089,-116.942865,32.472197,-117.010018,32.525443,-6.5666667,DP,2,,,
3,7,1,0.943611111,73.6,25637,-116.924377,32.468495,-116.87427,32.35676,-52.6666667,DM,3,,,
7,7,1,6.608611111,7.35,2658,-116.872608,32.434039,-116.884728,32.448698,-0.35,INCREMENTO,1,,,
1,7,1,7.060555556,17.55,16855,-117.009994,32.526666,-116.885197,32.448186,-5.6833333,DP,2,,,
6,7,1,7.785,1.933333333,719,-116.948797,32.521778,-116.944803,32.5245,0.5833333,INCREMENTO,1,,,
2,7,1,8.231666667,6.85,2036,-116.963917,32.507027,-116.979062,32.503582,-1.35,INCREMENTO,1,,,
5,7,1,8.877777778,0.766666667,377,-116.966877,32.515634,-116.96929,32.516839,-0.0166667,INCREMENTO,1,,,
5,7,1,10.44,17.93333333,11621,-116.968775,32.470524,-117.009997,32.525465,-2.9333333,DP,2,,,
4,7,1,11.07805556,3.5,1788,-116.869027,32.443773,-116.88515,32.448083,1.0666667,INCREMENTO,1,,,
2,7,1,11.50833333,17.15,9952,-116.856227,32.462175,-116.926417,32.476325,-3.4166667,DP,2,,,
5,7,1,12.16472222,8.8,6813,-116.925943,32.475249,-116.963991,32.506859,-0.9833333,INCREMENTO,1,,,
6,7,1,12.34972222,1.716666667,832,-116.967045,32.511908,-116.964087,32.506775,0.35,INCREMENTO,1,,,
5,7,1,14.24888889,4.6,1294,-116.978663,32.452606,-116.979532,32.446881,1.4,INCREMENTO,1,,,
4,7,1,18.96666667,7,5543,-116.885187,32.448128,-116.919897,32.461863,-0.5833333,INCREMENTO,1,,,
6,7,1,19.02027778,12.28333333,3426,-116.94367,32.48519,-116.926377,32.476387,-7.2,DP,2,,,
2,7,1,19.38472222,4.55,3804,-116.917592,32.461253,-116.885112,32.448768,-0.1,INCREMENTO,1,,,
7,7,1,19.81805556,9.6,4592,-116.918899,32.473193,-116.885211,32.44812,-3.5,DP,2,,,
4,7,1,21.345,11.15,7917,-116.904618,32.454427,-116.957922,32.506897,-4.65,DP,2,,,
7,7,1,21.98638889,12.81666667,10579,-116.961358,32.505185,-116.885164,32.448099,-4.25,DP,2,,,
5,7,1,22.2425,25.45,11806,-116.892823,32.548957,-116.96297,32.516561,-11.45,DM,3,,,
4,7,1,22.73972222,3.25,1136,-116.678767,32.453173,-116.68255,32.45499,-0.2666667,INCREMENTO,1,,,
7,7,1,23.02416667,15.56666667,8726,-116.882313,32.446194,-116.842245,32.472064,-6.6333333,DP,2,,,
7,7,1,23.04083333,12.25,7685,-116.871605,32.444889,-116.842245,32.472064,-4.3166667,DP,2,,,
1,7,1,23.10027778,38.83333333,23733,-116.840666,32.487951,-116.965472,32.505491,-7.15,DP,2,,,
6,7,1,23.11972222,9.8,2140,-116.94854,32.532295,-116.934042,32.52561,-5.8333333,DP,2,,,
4,7,1,23.455,23.95,9474,-116.798987,32.46999,-116.884697,32.448722,-11.2333333,DM,3,,,
1,1,1,2.770555556,13.06666667,3634,-116.897657,32.501793,-116.934375,32.49265,-8.0666667,DM,3,,,
6,1,1,2.898055556,8.583333333,8439,-116.934508,32.492618,-117.010385,32.525525,0.0666667,INCREMENTO,1,,,
5,1,1,9.553055556,3.316666667,1815,-116.962617,32.508508,-116.956319,32.508061,3.6166667,INCREMENTO,1,,,
7,1,1,12.27111111,16.21666667,8806,-116.844321,32.504168,-116.908061,32.499744,1.7833333,INCREMENTO,1,,,
3,1,1,14.26333333,16.55,7832,-116.977389,32.516431,-117.031659,32.522503,-3.55,DP,2,,,
5,1,1,15.00527778,3.183333333,1388,-116.962523,32.508591,-116.954013,32.505769,2.8333333,INCREMENTO,1,,,
7,1,1,15.6225,1.933333333,682,-116.868064,32.499364,-116.868624,32.494262,0.5,INCREMENTO,1,,,
5,1,1,16.00222222,9.55,3527,-116.960984,32.507479,-116.944021,32.519266,-3.6166667,DP,2,,,
5,1,1,17.75138889,3.65,2577,-116.984599,32.515617,-116.964115,32.50678,0.8833333,INCREMENTO,1,,,
6,1,1,19.19055556,10.28333333,1754,-117.02295,32.52126,-117.031498,32.52249,-7.8333333,DM,3,,,
6,1,1,20.88916667,7.533333333,3111,-116.944903,32.516262,-116.965022,32.51691,-0.5666667,INCREMENTO,1,,,
6,1,1,21.91944444,19.26666667,10145,-116.961552,32.513413,-116.88304,32.540442,-3.85,DP,2,,,
7,2,1,6.3775,14.7,5913,-116.869676,32.491929,-116.884766,32.448679,-3.7666667,DP,2,,,
5,2,1,7.571111111,5.116666667,4017,-116.96077,32.505812,-116.989289,32.517441,-1.1166667,INCREMENTO,1,,,
4,2,1,8.995555556,6.7,2700,-116.868772,32.494282,-116.86263,32.507915,-1.45,INCREMENTO,1,,,
6,2,1,11.04638889,1.8,426,-116.964143,32.506663,-116.967068,32.50669,1.5333333,INCREMENTO,1,,,
6,2,1,12.05972222,9.966666667,5235,-116.959772,32.528093,-116.990432,32.525363,1.9666667,INCREMENTO,1,,,
6,2,1,12.65055556,2.983333333,1281,-116.960082,32.501303,-116.9658,32.498678,0.0333333,INCREMENTO,1,,,
6,2,1,13.06527778,13.55,7886,-116.966275,32.507142,-116.9246,32.539975,-2.3,DP,2,,,
6,2,1,15.14166667,1.2,229,-116.955098,32.498057,-116.953538,32.499685,-0.2,INCREMENTO,1,,,
6,2,1,16.35611111,18.65,9962,-116.927698,32.48529,-117.009472,32.52148,0.8666667,INCREMENTO,1,,,
6,2,1,17.11805556,8.983333333,4810,-116.964127,32.504103,-116.994223,32.477058,-0.8666667,INCREMENTO,1,,,
6,2,1,18.38472222,13,5303,-116.963967,32.506915,-116.994162,32.477163,-2.85,DP,2,,,
6,2,1,19.21,30.46666667,16399,-117.010138,32.525425,-116.894992,32.547673,-4.3166667,DP,2,,,
4,2,1,19.31166667,6.583333333,1994,-116.868795,32.494263,-116.855933,32.498988,-2.0833333,DP,2,,,
6,2,1,19.55944444,5.733333333,1395,-116.902408,32.543855,-116.894992,32.547673,-0.55,INCREMENTO,1,,,
6,2,1,22.47694444,6.55,966,-116.972695,32.492408,-116.96712,32.498932,-5.55,DP,2,,,
4,3,1,6.525555556,6.05,2398,-116.868573,32.494272,-116.873285,32.475893,-0.1333333,INCREMENTO,1,,,
7,3,1,8.644444444,13.81666667,6384,-116.857409,32.489116,-116.884568,32.448828,-2.8166667,DP,2,,,
3,3,1,10.28861111,3.45,927,-116.868894,32.495176,-116.870451,32.500649,3.4833333,INCREMENTO,1,,,
3,3,1,11.85916667,13.35,5969,-116.907647,32.51653,-116.872131,32.495147,8.9166667,INCREMENTO,1,,,
5,3,1,13.73222222,7.716666667,4142,-116.966337,32.499762,-116.964751,32.505011,-2.7166667,DP,2,,,
6,3,1,14.07972222,11.63333333,9551,-116.90563,32.54381,-116.967222,32.517042,0.1666667,INCREMENTO,1,,,
5,3,1,14.63388889,16.81666667,6907,-116.966017,32.505787,-116.959524,32.531094,-8.8833333,DM,3,,,
7,3,1,14.81638889,1.266666667,294,-116.902441,32.465959,-116.899984,32.465341,-0.2666667,INCREMENTO,1,,,
2,3,1,17.53916667,33.41666667,23027,-116.832655,32.462807,-117.010003,32.525442,-10.1833333,DM,3,,,
7,3,1,18.70111111,3.066666667,1774,-116.889128,32.459879,-116.887879,32.452342,0.95,INCREMENTO,1,,,
5,3,1,19.31555556,12.78333333,6688,-116.986132,32.485123,-116.956854,32.499068,-3.7833333,DP,2,,,
2,3,1,19.45138889,25.08333333,12832,-116.931108,32.403113,-116.914667,32.46555,-4.6,DP,2,,,
6,3,1,21.00972222,24.83333333,9946,-116.94555,32.540958,-117.010002,32.525517,-12.4,DM,3,,,
5,4,1,7.650833333,9.883333333,5561,-116.962689,32.508441,-116.92062,32.505588,-2.8833333,DP,2,,,
6,4,1,7.967222222,0.766666667,197,-116.970965,32.492145,-116.970388,32.493847,1.2333333,INCREMENTO,1,,,
5,4,1,8.566666667,6.883333333,3003,-116.962659,32.505359,-116.962026,32.511223,5.1166667,INCREMENTO,1,,,
7,4,1,8.754722222,18.85,7398,-116.822793,32.489983,-116.873821,32.467657,-1.85,DP,2,,,
7,4,1,9.654722222,20.66666667,9711,-116.885357,32.449414,-116.890401,32.523189,-4.65,DP,2,,,
3,4,1,11.22138889,22.61666667,17561,-116.987174,32.513924,-116.868889,32.488128,-0.6166667,INCREMENTO,1,,,
6,4,1,16.62305556,22.83333333,7846,-116.936418,32.534245,-116.965855,32.498758,-12,DM,3,,,
7,4,1,17.39777778,3.15,977,-116.927876,32.485067,-116.926388,32.476451,-1.15,INCREMENTO,1,,,
6,4,1,17.85583333,10.75,7110,-116.964018,32.5071,-117.010097,32.525605,-2.7166667,DP,2,,,
7,4,1,17.93138889,18.1,5396,-116.872222,32.451451,-116.868823,32.493622,0.9,INCREMENTO,1,,,
7,4,1,18.23138889,16.5,4139,-116.868818,32.492195,-116.888643,32.515136,2.1166667,INCREMENTO,1,,,
1,4,1,19.1475,6.733333333,1623,-116.952358,32.495991,-116.965477,32.505504,-3.75,DP,2,,,
9,4,1,20.31138889,23.2,12716,-116.885137,32.448033,-116.965485,32.505502,-9.9166667,DM,3,,,
7,4,1,21.9525,2.65,522,-116.903781,32.500596,-116.908114,32.499643,-1.65,INCREMENTO,1,,,
7,4,1,23.18972222,17.35,4545,-116.859614,32.497053,-116.872899,32.528582,-8.35,DM,3,,,
7,5,1,6.745277778,21.75,7138,-116.896663,32.501569,-116.884735,32.448682,-4.7333333,DP,2,,,
4,5,1,10.81861111,0.75,264,-116.866123,32.509285,-116.866712,32.507005,0.25,INCREMENTO,1,,,
6,5,1,11.02944444,1.416666667,282,-116.965718,32.50537,-116.963995,32.506842,-0.2,INCREMENTO,1,,,
6,5,1,12.95027778,4.733333333,1472,-116.98684,32.517205,-116.985577,32.507658,-0.8166667,INCREMENTO,1,,,
4,5,1,13.28722222,7.583333333,2809,-116.885247,32.448267,-116.873483,32.461895,-1.4666667,INCREMENTO,1,,,
6,5,1,14.87666667,8.25,9414,-116.919037,32.520033,-117.01012,32.525385,2.7666667,INCREMENTO,1,,,
6,5,1,16.09861111,6.316666667,2281,-116.960938,32.48711,-116.968757,32.470222,-0.8833333,INCREMENTO,1,,,
6,5,1,17.56416667,22,9741,-116.964647,32.486642,-117.010033,32.525532,-6.6166667,DP,2,,,
2,5,1,17.85,5.233333333,2230,-116.885645,32.460562,-116.884585,32.448742,2.8666667,INCREMENTO,1,,,
2,5,1,17.96833333,1.45,539,-116.880698,32.45122,-116.88508,32.448105,1.9166667,INCREMENTO,1,,,
4,5,1,19.0175,4.783333333,2592,-116.982198,32.51535,-116.969715,32.508298,0.85,INCREMENTO,1,,,
6,5,1,19.68861111,4.866666667,1184,-116.969773,32.508407,-116.967083,32.509927,-1.45,INCREMENTO,1,,,
9,5,1,20.13861111,6.183333333,2248,-116.959525,32.50806,-116.969825,32.508305,-1.6666667,INCREMENTO,1,,,
4,5,1,21.56805556,13.01666667,3920,-116.880817,32.480383,-116.872863,32.451667,-5.9166667,DP,2,,,
4,6,1,3.150555556,6.266666667,1569,-116.859675,32.496865,-116.852242,32.491187,1.15,INCREMENTO,1,,,
1,6,1,14.73,27.26666667,12210,-116.838564,32.508847,-116.884772,32.448657,-10.2666667,DM,3,,,
7,6,1,15.40805556,10.8,5150,-116.903178,32.535699,-116.92611,32.509109,-3.8,DP,2,,,
5,6,1,16.83388889,20.05,13515,-117.082747,32.531941,-116.964212,32.506678,-6.4333333,DP,2,,,
1,6,1,17.05388889,14.46666667,10045,-116.935006,32.490778,-116.876917,32.445268,-4.5166667,DP,2,,,
5,6,1,18.50638889,22.71666667,10825,-116.914964,32.481199,-116.989988,32.510278,-9.7,DM,3,,,
7,6,1,20.52222222,13.31666667,10229,-116.885426,32.44951,-116.957824,32.506836,-5.3166667,DP,2,,,
2,6,1,21.29666667,26.65,8122,-116.994807,32.476945,-116.97189,32.51151,-17.75,DM,3,,,
3,6,1,21.63916667,18.5,5166,-116.968479,32.50717,-116.92632,32.488423,-8.5,DM,3,,,
2,6,1,22.38888889,9.483333333,1643,-116.98141,32.507652,-116.994302,32.506127,-5.4833333,DP,2,,,
5,7,1,4.6,1.25,255,-116.979784,32.486084,-116.98159,32.486858,2.6833333,INCREMENTO,1,,,
5,7,1,6.097222222,6.983333333,4478,-116.927366,32.482955,-116.957979,32.507027,-0.9833333,INCREMENTO,1,,,
4,7,1,12.13194444,4.5,2139,-116.834457,32.454673,-116.83146,32.466377,-0.65,INCREMENTO,1,,,
5,7,1,13.07305556,1.95,469,-116.93364,32.522017,-116.936427,32.522738,0.05,INCREMENTO,1,,,
6,7,1,13.52416667,12.83333333,8307,-116.962477,32.508628,-116.92706,32.539877,1.1833333,INCREMENTO,1,,,
4,7,1,15.40194444,11.8,5572,-116.885135,32.44812,-116.92606,32.460713,-4.4666667,DP,2,,,
7,7,1,15.95361111,4.183333333,918,-116.873708,32.470707,-116.873815,32.462471,-2.1833333,DP,2,,,
4,7,1,17.99666667,13.66666667,5378,-116.885118,32.448133,-116.840003,32.470828,-3.3833333,DP,2,,,
2,7,1,21.97055556,35.61666667,16960,-116.845517,32.49079,-116.957965,32.506928,-13.4,DM,3,,,
4,1,1,0.144166667,38.23333333,24119,-116.820087,32.469792,-117.009953,32.525505,-3.7666667,DP,2,,,
1,1,1,2.427222222,8.516666667,8312,-116.936179,32.492782,-117.010111,32.525482,-0.5166667,INCREMENTO,1,,,
3,1,1,13.10277778,10.88333333,11276,-116.962814,32.508874,-116.88533,32.449542,5.1166667,INCREMENTO,1,,,
6,1,1,14.16527778,2.216666667,2070,-116.97946,32.515178,-116.96422,32.506942,0.9333333,INCREMENTO,1,,,
6,1,1,18.09555556,3.55,543,-117.022137,32.532855,-117.021672,32.532825,-1.3,INCREMENTO,1,,,
5,1,1,18.78666667,10.38333333,1921,-116.969557,32.495959,-116.966039,32.505583,-5.3833333,DP,2,,,
6,1,1,19.62388889,12.15,3282,-116.965945,32.498762,-116.963963,32.50688,2.8,INCREMENTO,1,,,
1,1,1,19.95027778,23.16666667,11489,-116.888495,32.453513,-116.969742,32.508294,-9.2666667,DM,3,,,
3,1,1,20.75916667,6.683333333,1074,-116.972407,32.509185,-116.963914,32.506842,-1.6833333,INCREMENTO,1,,,
2,1,1,21.54277778,15.51666667,10427,-116.885118,32.448125,-116.957868,32.506855,-4.45,DP,2,,,
4,1,1,21.75194444,9.716666667,2453,-116.949938,32.496637,-116.969745,32.508338,-5.1833333,DP,2,,,
2,1,1,21.96888889,1.983333333,271,-116.969903,32.50823,-116.972343,32.509018,-0.2833333,INCREMENTO,1,,,
4,1,1,22.10083333,4.866666667,4063,-116.933505,32.513978,-116.898158,32.52739,-0.1833333,INCREMENTO,1,,,
6,1,1,22.15222222,10.3,4518,-116.971573,32.512063,-116.942993,32.502708,-3.8166667,DP,2,,,
3,1,1,22.46916667,7.116666667,6737,-116.733286,32.507146,-116.745471,32.472986,0.4833333,INCREMENTO,1,,,
4,1,1,22.6875,13.15,3472,-116.868547,32.494287,-116.868518,32.515733,-3.95,DP,2,,,
4,1,1,22.95166667,2.216666667,577,-116.867242,32.51735,-116.869235,32.520022,-0.0666667,INCREMENTO,1,,,
3,1,1,23.92416667,2.066666667,469,-116.732502,32.40426,-116.729177,32.404208,-0.0666667,INCREMENTO,1,,,
4,2,1,4.635555556,10.85,2989,-116.871878,32.51379,-116.86852,32.49433,-3.95,DP,2,,,
2,2,1,5.522777778,9.5,4165,-116.83697,32.489793,-116.808065,32.489037,-0.2,INCREMENTO,1,,,
2,2,1,7.146666667,28.88333333,21302,-116.744755,32.502268,-116.872767,32.445403,-4.3,DP,2,,,
1,2,1,8.659722222,3.133333333,695,-116.85948,32.501608,-116.853724,32.499219,-1.2,INCREMENTO,1,,,
5,2,1,8.769166667,0.7,560,-116.959649,32.501259,-116.964172,32.504545,0.3,INCREMENTO,1,,,
9,2,1,10.12777778,3.466666667,1612,-117.036152,32.506702,-117.031293,32.493795,-1.0833333,INCREMENTO,1,,,
9,2,1,11.21138889,21.83333333,13203,-117.028085,32.524843,-117.037163,32.459015,-5.25,DP,2,,,
9,2,1,11.77916667,16.7,10976,-117.037093,32.458998,-117.023112,32.50931,0.2,INCREMENTO,1,,,
6,2,1,15.13694444,9.85,2286,-116.954305,32.505822,-116.964005,32.506833,-4.7833333,DP,2,,,
5,2,1,15.27472222,2.816666667,875,-116.968648,32.478338,-116.965272,32.473376,-0.8166667,INCREMENTO,1,,,
6,2,1,16.81527778,20.66666667,14655,-116.901307,32.537713,-117.010073,32.52558,-8.7,DM,3,,,
5,2,1,17.85972222,9.433333333,3041,-116.879778,32.446514,-116.869834,32.444644,-5.7833333,DP,2,,,
9,2,1,20.40111111,4.4,568,-117.0221,32.51739,-117.021128,32.519622,-0.9666667,INCREMENTO,1,,,
3,2,1,22.24638889,24.18333333,13118,-116.972026,32.493544,-116.885079,32.448287,39.85,INCREMENTO,1,,,
6,2,1,22.67194444,30.83333333,11008,-116.962497,32.508662,-116.9677,32.447297,-13.25,DM,3,,,
2,2,1,22.69833333,10.23333333,9016,-116.947553,32.498312,-116.885,32.448043,-1.8166667,DP,2,,,
1,2,1,23.3675,3.266666667,1266,-116.893028,32.456735,-116.885145,32.448127,-1.55,INCREMENTO,1,,,
4,3,1,0.553888889,32.35,20034,-116.95263,32.433902,-116.891193,32.442615,-13.25,DM,3,,,
4,3,1,1.05,28.88333333,13709,-116.890657,32.443312,-116.964227,32.506823,-13.7,DM,3,,,
6,3,1,7.646388889,24.78333333,12483,-116.974787,32.466827,-117.01008,32.52555,1.4666667,INCREMENTO,1,,,
9,3,1,9.241388889,3.95,1868,-116.96605,32.498875,-116.953002,32.504337,0.8333333,INCREMENTO,1,,,
3,3,1,13.45666667,70.51666667,25383,-116.863939,32.555718,-116.868605,32.494205,-27.5,DM,3,,,
7,3,1,13.98638889,9.633333333,10923,-116.925421,32.470357,-117.010046,32.525496,-1.3,INCREMENTO,1,,,
4,3,1,14.95305556,9.4,3836,-116.885273,32.44821,-116.911398,32.467397,-2.3166667,DP,2,,,
2,3,1,14.95277778,2.183333333,1097,-116.827352,32.456522,-116.83868,32.453912,-0.1166667,INCREMENTO,1,,,
6,3,1,16.32166667,14.43333333,6065,-116.963907,32.507003,-116.988913,32.478535,-2.15,DP,2,,,
2,3,1,16.91666667,2.833333333,590,-116.88018,32.460745,-116.87527,32.461362,0.6833333,INCREMENTO,1,,,
6,3,1,17.57527778,5.733333333,1182,-116.958285,32.500065,-116.964037,32.506863,-3.5166667,DP,2,,,
3,3,1,18.59583333,4.566666667,1537,-116.972008,32.510962,-116.964017,32.507155,0.4333333,INCREMENTO,1,,,
1,3,1,23.06055556,19.36666667,7588,-116.949709,32.392322,-116.964274,32.431119,-5.35,DP,2,,,
1,3,1,23.66083333,16.66666667,13693,-116.931193,32.466449,-117.010063,32.525495,-6.6666667,DP,2,,,
1,4,1,0.494444444,23.41666667,10764,-116.966415,32.424513,-116.932811,32.375558,-3.4166667,DP,2,,,
6,4,1,5.238333333,22.56666667,5237,-116.960543,32.478118,-116.964042,32.506793,-11.5666667,DM,3,,,
6,4,1,6.2075,8.45,3132,-116.943785,32.495817,-116.920257,32.492093,-0.7333333,INCREMENTO,1,,,
6,4,1,6.654444444,11.95,5702,-116.913767,32.492087,-116.957588,32.5067,-5.1333333,DP,2,,,
9,4,1,8.055277778,25.16666667,16138,-117.021425,32.53063,-116.872292,32.536557,-3.9666667,DP,2,,,
9,4,1,12.20777778,8.616666667,2483,-117.02819,32.524783,-117.0095,32.53367,-4.4666667,DP,2,,,
6,4,1,12.60194444,1.016666667,454,-117.007958,32.523745,-117.009993,32.52549,0.7333333,INCREMENTO,1,,,
9,4,1,13.36805556,10.66666667,3619,-117.034545,32.524308,-117.054493,32.50665,-3.3333333,DP,2,,,
6,4,1,17.15416667,1.933333333,482,-116.974067,32.46155,-116.97211,32.46526,-0.0833333,INCREMENTO,1,,,
4,4,1,18.82611111,10.05,2747,-116.861688,32.492705,-116.872778,32.478407,-3.5666667,DP,2,,,
9,4,1,19.85222222,16.53333333,3271,-116.961555,32.505983,-116.986805,32.516623,-2.6833333,DP,2,,,
6,4,1,20.15111111,15.31666667,4045,-116.949323,32.512018,-116.965937,32.498858,-5.5333333,DP,2,,,
4,4,1,20.54694444,19.51666667,11279,-116.916383,32.461085,-116.985688,32.50775,-7.9,DM,3,,,
1,4,1,21.91777778,36.68333333,23714,-116.951572,32.500883,-116.932756,32.375613,-7.7333333,DM,3,,,
9,5,1,9.255833333,15.63333333,3806,-117.028248,32.524793,-117.053657,32.534082,-8.35,DM,3,,,
1,5,1,9.339166667,5.916666667,2535,-116.882837,32.449729,-116.873589,32.461958,0.0833333,INCREMENTO,1,,,
4,5,1,10.23944444,1.066666667,277,-116.882977,32.449762,-116.885192,32.448138,0.15,INCREMENTO,1,,,
9,5,1,10.80194444,29.03333333,21274,-117.077732,32.48158,-117.009968,32.525445,-12.0833333,DM,3,,,
9,5,1,10.93916667,16.81666667,6739,-117.030685,32.492042,-117.009968,32.525445,-8.1,DM,3,,,
9,5,1,11.99416667,7.983333333,2292,-117.033903,32.524275,-117.015853,32.524955,-3.8833333,DP,2,,,
6,5,1,12.46666667,11.8,4826,-116.964013,32.507063,-116.979642,32.477812,0.3833333,INCREMENTO,1,,,
9,5,1,13.13222222,5.133333333,1765,-117.028113,32.524852,-117.014503,32.523525,-0.35,INCREMENTO,1,,,
6,5,1,15.43,5.983333333,2592,-117.010065,32.525493,-116.989115,32.519882,2.5333333,INCREMENTO,1,,,
1,5,1,16.14055556,3.183333333,704,-116.865181,32.513856,-116.871265,32.513697,-0.2,INCREMENTO,1,,,
3,5,1,19.96083333,1.65,363,-116.890646,32.501518,-116.8945,32.501787,-0.65,INCREMENTO,1,,,
7,5,1,20.07527778,0.966666667,468,-117.013085,32.527015,-117.014662,32.529886,0.0333333,INCREMENTO,1,,,
3,5,1,20.76527778,24.81666667,7081,-116.946984,32.491735,-116.881018,32.492057,-9.8166667,DM,3,,,
1,5,1,21.11138889,5.783333333,1255,-116.868851,32.492089,-116.882033,32.491826,-1.7833333,INCREMENTO,1,,,
4,5,1,21.24333333,8.516666667,8948,-116.947832,32.498453,-116.885207,32.448927,-0.2333333,INCREMENTO,1,,,
7,5,1,22.09777778,1.6,220,-117.039169,32.533873,-117.039845,32.532568,-0.6,INCREMENTO,1,,,
3,5,1,22.23833333,14.26666667,8992,-116.931469,32.495261,-117.010264,32.525554,-5.2666667,DP,2,,,
6,6,1,16.31805556,0.85,177,-116.985305,32.523512,-116.98566,32.523187,0.9833333,INCREMENTO,1,,,
3,6,1,19.50444444,40.05,9746,-116.878464,32.50248,-116.969731,32.50823,-18.1166667,DM,3,,,
3,6,1,20.00333333,2.966666667,600,-116.968152,32.510606,-116.963901,32.506979,-1.2166667,INCREMENTO,1,,,
1,6,1,19.98277778,6.183333333,5913,-116.952285,32.51416,-117.010072,32.525365,-0.1833333,INCREMENTO,1,,,
8,6,1,20.91888889,5.483333333,1326,-117.067602,32.526291,-117.064363,32.520704,2.5333333,INCREMENTO,1,,,
6,6,1,21.38527778,25.38333333,6498,-116.963945,32.50688,-116.954373,32.470177,-9.45,DM,3,,,
2,6,1,21.63805556,30.68333333,12218,-116.885262,32.448267,-116.969885,32.50829,-16.5833333,DM,3,,,
2,6,1,21.65111111,29.78333333,12127,-116.884907,32.448737,-116.969928,32.508263,-10.7333333,DM,3,,,
2,6,1,22.20472222,16.35,4527,-116.952005,32.501033,-116.919015,32.497778,-7.3,DM,3,,,
4,7,1,1.089166667,17.5,9148,-116.878127,32.450682,-116.843605,32.47773,-7.6666667,DM,3,,,
6,7,1,1.876666667,29.9,2989,-116.960938,32.527343,-116.964023,32.50686,-26.2666667,DM,3,,,
2,7,1,2.690277778,37.61666667,11776,-116.968523,32.419408,-116.885162,32.448208,-18.95,DM,3,,,
4,7,1,7.634166667,7.133333333,3664,-116.885193,32.448175,-116.882012,32.428408,-0.0333333,INCREMENTO,1,,,
4,7,1,10.185,5.65,1825,-116.851447,32.505023,-116.862025,32.497998,0.1,INCREMENTO,1,,,
1,7,1,13.06805556,4.966666667,4760,-116.924936,32.4624,-116.885309,32.448246,0.0333333,INCREMENTO,1,,,
1,7,1,14.13666667,12,4035,-116.882801,32.44973,-116.860421,32.461002,-6.0666667,DP,2,,,
1,7,1,21.57222222,2.683333333,1205,-116.936674,32.383872,-116.932746,32.375634,0.3166667,INCREMENTO,1,,,
6,7,1,22.675,14.26666667,2582,-116.962848,32.516727,-116.965915,32.49881,-9.1333333,DM,3,,,
1,1,1,0.074166667,4.116666667,1968,-116.936122,32.387477,-116.932752,32.37561,-0.1166667,INCREMENTO,1,,,
6,1,1,0.558888889,3,377,-116.964637,32.504917,-116.964027,32.506827,-1.4833333,INCREMENTO,1,,,
2,1,1,6.725833333,18.6,7494,-116.88503,32.448072,-116.932163,32.448233,-5.3,DP,2,,,
1,1,1,7.240555556,9.983333333,6065,-116.886439,32.426066,-116.876984,32.445636,1.95,INCREMENTO,1,,,
4,1,1,8.044444444,1.45,833,-116.88516,32.448177,-116.886862,32.444557,0.55,INCREMENTO,1,,,
1,1,1,7.907222222,4.633333333,1974,-116.951666,32.495474,-116.963967,32.506914,-0.6333333,INCREMENTO,1,,,
3,1,1,8.482222222,4.866666667,2145,-116.872939,32.478152,-116.868731,32.494247,2.0666667,INCREMENTO,1,,,
1,1,1,9.389722222,18.1,17381,-116.874778,32.465209,-117.010039,32.525523,1.5,INCREMENTO,1,,,
6,1,1,9.723333333,1.583333333,530,-116.975787,32.50433,-116.972558,32.508238,0.4166667,INCREMENTO,1,,,
4,1,1,11.94722222,3.933333333,3801,-116.91661,32.466335,-116.885163,32.448038,0.3166667,INCREMENTO,1,,,
6,1,1,13.55722222,7.833333333,3307,-116.96176,32.513347,-116.96589,32.498855,-1.9166667,DP,2,,,
1,1,1,15.18694444,2,621,-116.965425,32.510736,-116.964044,32.506821,0,INCREMENTO,1,,,
6,1,1,15.21444444,47.9,12274,-117.030047,32.434823,-117.02091,32.521457,-32.5666667,DM,3,,,
3,1,1,15.28861111,12.95,2598,-116.872811,32.502761,-116.894844,32.503275,-1.0166667,INCREMENTO,1,,,
4,1,1,15.65111111,10.81666667,10567,-116.962467,32.508537,-116.886175,32.45009,-2.2166667,DP,2,,,
6,1,1,16.05166667,20.83333333,8893,-116.989117,32.515867,-116.956062,32.46791,1.9166667,INCREMENTO,1,,,
1,1,1,16.505,40.65,15168,-116.867153,32.498647,-117.010185,32.525523,-24.6,DM,3,,,
6,1,1,18.56388889,10.06666667,2517,-116.97011,32.492845,-116.979332,32.473513,-3.35,DP,2,,,
7,1,1,20.69944444,1.75,488,-116.965628,32.50567,-116.969742,32.508333,-0.75,INCREMENTO,1,,,
8,1,1,20.78777778,6.733333333,3556,-117.025037,32.532919,-117.010129,32.525401,-2.7333333,DP,2,,,
2,1,1,21.03722222,34.01666667,17242,-116.950532,32.388868,-116.90381,32.46672,-13.1666667,DM,3,,,
4,1,1,21.56944444,7.466666667,2283,-116.926355,32.476288,-116.912047,32.463668,0.1333333,INCREMENTO,1,,,
6,2,1,8.5025,1.666666667,577,-116.96089,32.50668,-116.96399,32.506863,0.2666667,INCREMENTO,1,,,
7,2,1,15.69083333,52.2,15555,-117.06335,32.43039,-116.989944,32.510251,-18.2,DM,3,,,
1,2,1,15.90055556,21.63333333,11116,-116.937453,32.383966,-116.876961,32.445914,-6.7,DP,2,,,
1,2,1,18.81027778,13.3,12159,-116.873985,32.435842,-116.932795,32.375803,0.6166667,INCREMENTO,1,,,
6,2,1,19.10138889,12.08333333,4700,-116.985503,32.464783,-116.966598,32.439175,-2.3666667,DP,2,,,
6,2,1,19.55777778,20.3,9117,-116.97422,32.439658,-116.965883,32.50039,-4.5166667,DP,2,,,
3,2,1,21.48611111,28.05,8814,-116.966661,32.511596,-116.886561,32.501027,-3.05,DP,2,,,
